[{"image":"sample0.jpg","annotations":[{"label":"rect","coordinates":{"x":43,"y":50,"width":377,"height":91}}]},{"image":"sample1.jpg","annotations":[{"label":"rect","coordinates":{"x":48,"y":42,"width":379,"height":90}}]},{"image":"sample2.jpg","annotations":[{"label":"rect","coordinates":{"x":29,"y":34,"width":433,"height":125}}]},{"image":"sample3.jpg","annotations":[{"label":"rect","coordinates":{"x":49,"y":39,"width":402,"height":109}}]},{"image":"sample4.jpg","annotations":[{"label":"rect","coordinates":{"x":26,"y":41,"width":426,"height":103}}]},{"image":"sample5.jpg","annotations":[{"label":"rect","coordinates":{"x":35,"y":37,"width":385,"height":77}}]},{"image":"sample6.jpg","annotations":[{"label":"rect","coordinates":{"x":45,"y":46,"width":363,"height":109}}]},{"image":"sample7.jpg","annotations":[{"label":"rect","coordinates":{"x":55,"y":49,"width":366,"height":85}}]},{"image":"sample8.jpg","annotations":[{"label":"rect","coordinates":{"x":17,"y":39,"width":438,"height":97}}]},{"image":"sample9.jpg","annotations":[{"label":"rect","coordinates":{"x":49,"y":49,"width":401,"height":94}}]}]